企业代号,销售规模（对数）,销项开票数量（对数）,平均销项开票金额（对数）,进购规模（对数）,进项开票数量（对数）,税价比,发票平均税率,下游客户数量,指定周期负数发票金额比率,指定周期作废发票金额比率,固定周期下游客户数量,销方基尼系数,销方HIHI指数,信誉评级
E124,20.60201,7.16472,13.43729,11.42551,0,0.08212,0.08947,54,0.03853,0,54,0.99768,6.00E-05,C
E125,20.81662,7.37463,13.44199,7.74362,0,0.08138,0.08859,64,0.03117,0,64,0.99812,4.00E-05,C
E126,20.25938,7.32383,12.93555,5.61437,0,0.03302,0.03415,149,0.02734,0,149,0.99802,0.00013,A
E127,20.36205,8.30053,12.06152,6.00593,0,0.02914,0.03002,26,0.00191,0,26,0.99925,0.0001,C
E128,19.35945,7.13489,12.22456,8.88224,0,0.03386,0.03504,8,0,0,8,0.99761,0.00071,A
E129,19.72411,8.66854,11.05557,5.66753,0,0.13242,0.15263,799,0.01687,0,799,0.99948,0,C
E130,18.56242,7.23129,11.33114,6.82795,0,0.08354,0.09116,14,0.01591,0,14,0.99783,3.00E-05,C
E131,19.24982,8.11253,11.13729,6.7633,0,0.13527,0.15643,826,0.00984,0,826,0.9991,0.00069,B
E132,19.22445,7.49443,11.73002,10.95169,0,0.08089,0.08801,99,0.0108,0,99,0.99833,0.00075,B
E133,18.75829,5.1358,13.62249,3.52518,0,0.02913,0.03,9,0.01662,0,9,0.98235,0.0024,A
E134,18.69691,8.02943,10.66748,6.08233,0,0.0566,0.06,1762,0.02204,0,1762,0.99902,3.00E-05,B
E135,18.87053,6.02345,12.84708,5.17609,0,0.05537,0.05861,78,0.0499,0,78,0.99274,0.00183,B
E136,18.63359,7.21156,11.42204,11.42221,0,0.13364,0.15425,4,0.00248,0,4,0.99779,3.00E-05,B
E137,18.88409,5.53733,13.34675,7.07966,0,0.06787,0.07282,26,0.02269,0,26,0.98819,0.0017,B
E138,18.52659,7.30787,11.21872,5.9781,0,0.13163,0.15158,121,0.00606,0,121,0.99799,4.00E-05,C
E139,19.13799,9.45892,9.67907,8.16024,0,0.05029,0.05296,169,0.0034,0,169,0.99977,1.00E-05,B
E140,19.23243,6.73934,12.49309,5.66466,0,0.03067,0.03164,20,0.01743,0,20,0.99645,0.00093,B
E141,18.93921,8.46379,10.47542,8.99633,0,0.01575,0.01601,1191,0.02395,0,1191,0.99937,2.00E-05,B
E142,18.45658,7.29709,11.15949,6.79251,0,0.0888,0.09746,75,0.0043,0,75,0.99797,5.00E-05,B
E143,18.36844,7.04752,11.32092,7.96111,0,0.12146,0.13825,77,0.01476,0,77,0.99739,0.00157,B
E144,18.55349,7.21524,11.33825,5.20076,0,0.04822,0.05066,34,0.04659,0,34,0.99779,4.00E-05,C
E145,18.69307,8.3596,10.33347,9.65768,0,0.12341,0.14079,412,0.01789,0,412,0.9993,3.00E-05,B
E146,18.82341,7.38523,11.43817,2.19054,0,0.08366,0.0913,65,0.02089,0,65,0.99814,0.00033,A
E147,19.07138,7.77107,11.30031,9.19567,0,0.06101,0.06497,150,0.00695,0,150,0.99873,1.00E-05,B
E148,18.25324,5.63835,12.61488,6.45598,0,0.04762,0.05,189,0.00795,0,189,0.98932,0.00239,B
E149,18.49909,7.11151,11.38758,5.93659,0,0.05661,0.06001,10,0.02751,0,10,0.99755,5.00E-05,B
E150,18.64981,6.13988,12.50992,9.19827,0,0.07259,0.07828,135,1.00E-05,0,135,0.99353,0.00245,B
E151,18.50043,4.99721,13.50322,5.84392,0,0.05986,0.06367,5,0,0,5,0.97973,0.00402,B
E152,18.61845,7.32975,11.2887,9.20874,0,0.05513,0.05835,15,0.00535,0,15,0.99803,3.00E-05,C
E153,19.5318,5.87212,13.65968,5.40852,0,0.05378,0.05684,6,0.00276,0,6,0.99155,0.0005,A
E154,18.16991,7.56164,10.60827,11.30038,0,0.13162,0.15157,309,0.00452,0,309,0.99844,8.00E-05,B
E155,18.21148,6.98749,11.22399,6.35057,0,0.13162,0.15157,57,0.00645,0,57,0.99723,7.00E-05,B
E156,19.01789,6.09582,12.92207,5.99807,0,0.03513,0.03641,34,0.10515,0,34,0.99324,0.00148,B
E157,18.11794,6.90675,11.21119,9.34571,0,0.07328,0.07907,91,0.08695,0,91,0.997,8.00E-05,B
E158,18.29575,6.89366,11.40209,,0,0.06709,0.07191,10,0,0,10,0.99696,7.00E-05,A
E159,18.4891,5.53339,12.95571,7.57134,0,0.07932,0.08615,81,0.01489,0,81,0.98814,0.00378,B
E160,19.40885,8.12474,11.28411,5.20445,0,0.10721,0.12008,68,0.03338,0,68,0.99911,1.00E-05,C
E161,19.03812,5.66643,13.3717,5.80733,0,0.03914,0.04073,29,0.01555,0,29,0.98962,0.00134,B
E162,18.83861,6.23637,12.60224,7.15697,0,0.09342,0.10305,100,0.13988,0,100,0.99413,0.00197,B
E163,18.90322,6.99577,11.90745,5.31586,0,0.0891,0.09781,24,0.01989,0,24,0.99725,0.00163,C
E164,18.73798,7.41518,11.3228,5.31207,0,0.08408,0.0918,86,0.0128,0,86,0.99819,3.00E-05,C
E165,18.65996,7.86557,10.79439,6.26972,0,0.06909,0.07422,255,0.0398,0,255,0.99885,3.00E-05,B
E166,18.29574,7.3601,10.93564,8.92893,0,0.04755,0.04993,50,0.27115,0,50,0.99809,6.00E-05,B
E167,18.67527,8.51298,10.16229,5.17604,0,0.13199,0.15206,2578,0.0095,0,2578,0.9994,3.00E-05,C
E168,18.34769,6.02828,12.31941,6.96785,0,0.03019,0.03113,12,0,0,12,0.99277,0.00465,B
E169,18.61398,7.30653,11.30744,5.56475,0,0.0592,0.06293,175,0.01828,0,175,0.99799,3.00E-05,B
E170,18.10137,6.6796,11.42177,7.50378,0,0.07848,0.08517,11,0.01959,0,11,0.99623,0.0001,C
E171,18.56039,8.92372,9.63667,4.88839,0,0.0566,0.06,1458,0.01701,0,1458,0.9996,4.00E-05,D
E172,18.19887,7.14913,11.04973,10.87715,0,0.08415,0.09188,98,0,0,98,0.99764,8.00E-05,B
E173,18.54867,7.82445,10.72422,2.14827,0,0.13658,0.15819,350,0.01135,0,350,0.9988,4.00E-05,D
E174,18.40842,7.1301,11.27832,6.48708,0,0.13356,0.15415,85,0.00341,0,85,0.9976,5.00E-05,B
E175,18.19977,8.31508,9.88469,6.21461,0,0.13109,0.15087,1827,0.01841,0,1827,0.99927,8.00E-05,B
E176,18.36866,7.6811,10.68756,5.81794,0,0.13315,0.15361,169,0.02149,0,169,0.99862,6.00E-05,B
E177,18.57792,6.8773,11.70062,6.83738,0,0.07082,0.07622,201,0.01438,0,201,0.99691,0.00228,B
E178,18.26289,7.01751,11.24539,13.42986,0,0.1304,0.14995,183,0.017,0,183,0.99731,7.00E-05,B
E179,18.00354,6.69084,11.31269,6.56212,0,0.07358,0.07942,44,0.03105,0,44,0.99627,0.00012,B
E180,18.17106,7.65444,10.51662,4.84702,0,0.13327,0.15377,479,0.00316,0,479,0.99858,8.00E-05,B
E181,18.21293,7.35947,10.85347,11.20404,0,0.12194,0.13888,186,0.00057,0,186,0.99809,8.00E-05,B
E182,18.19471,6.98286,11.21184,11.28417,0,0.13547,0.1567,42,0,0,42,0.99722,8.00E-05,B
E183,18.06561,6.93537,11.13023,5.09185,0,0.06564,0.07025,42,0.00267,0,42,0.99708,9.00E-05,B
E184,17.80918,6.48768,11.3215,5.46209,0,0.07708,0.08351,39,0.03548,0,39,0.99543,0.00019,C
E185,18.41082,8.60868,9.80214,11.4754,0,0.05011,0.05275,314,0.00668,0,314,0.99945,6.00E-05,B
E186,18.26288,7.00125,11.26163,6.66748,0,0.0285,0.02934,5,0,0,5,0.99727,7.00E-05,B
E187,18.19398,5.17048,13.0235,4.80213,0,0.07758,0.08411,57,0.01005,0,57,0.98295,0.00644,B
E188,18.24456,7.67694,10.56762,11.4452,0,0.11996,0.13631,246,0.00632,0,246,0.99861,7.00E-05,B
E189,17.77731,6.46303,11.31428,7.57134,0,0.07174,0.07728,25,0.02143,0,25,0.99532,0.00016,C
E190,18.75034,5.99396,12.75638,,0,0.02666,0.02739,28,0.04279,0,28,0.99252,0.00245,A
E191,19.40173,7.96242,11.43931,5.56475,0,0.14191,0.16539,103,1.00E-05,0,103,0.99896,1.00E-05,A
E192,17.70697,4.45435,13.25262,13.53077,0,0.06063,0.06455,7,0.02327,0,7,0.96512,0.01568,B
E193,18.69245,10.38316,8.30929,6.28223,0,0.1373,0.15916,2537,0.00753,0,2537,0.99991,0.00012,B
E194,18.38534,9.37084,9.0145,5.17609,0,0.00072,0.00072,3264,0.04611,0,3264,0.99974,5.00E-05,B
E195,18.56034,8.48818,10.07216,5.98951,0,0.1373,0.15915,402,0.0052,0,402,0.99938,4.00E-05,B
E196,18.1911,7.99362,10.19748,5.14575,0,0.12974,0.14908,700,0.02969,0,700,0.99899,8.00E-05,C
E197,19.07977,8.37078,10.70899,4.89769,0,0.13058,0.15019,1263,0.01383,0,1263,0.99931,1.00E-05,C
E198,17.98481,6.6958,11.28902,5.53113,0,0.12907,0.14819,42,0.08369,0,42,0.99629,0.00012,C
E199,17.92212,6.7093,11.21281,6.2452,0,0.04156,0.04336,3,0.14201,0,3,0.99634,0.00013,B
E200,17.75786,6.41836,11.3395,10.07418,0,0.13279,0.15313,50,0.01802,0,50,0.99511,0.00019,C
E201,17.81951,7.09589,10.72362,7.9481,0,0.08729,0.09563,174,0.00443,0,174,0.99751,0.00016,B
E202,18.42257,7.00851,11.41407,5.35951,0,0.07056,0.07592,5,0,0,5,0.99729,4.00E-05,B
E203,17.71001,6.45677,11.25324,7.97681,0,0.07963,0.08651,31,0.0002,0,31,0.99529,0.00021,C
E204,18.54949,7.42655,11.12294,6.51436,0,0.11318,0.12763,418,0.01616,0,418,0.99821,4.00E-05,B
E205,18.16332,6.91572,11.24759,12.71592,0,0.13682,0.15851,71,0.00865,0,71,0.99702,8.00E-05,B
E206,18.43309,6.87005,11.56303,5.66833,0,0.06742,0.07229,313,0.00032,0,313,0.99688,0.00149,B
E207,18.65178,7.28482,11.36696,5.95187,0,0.0655,0.07009,17,0.00671,0,17,0.99794,3.00E-05,C
E208,18.2715,6.93537,11.33613,5.57652,0,0.13683,0.15852,91,0.02006,0,91,0.99708,7.00E-05,A
E209,18.15256,7.29641,10.85614,4.53206,0,0.05697,0.06041,574,0.05012,0,574,0.99797,8.00E-05,B
E210,17.86511,6.39192,11.47319,5.43843,0,0.02922,0.0301,4,0,0,4,0.99497,0.00015,A
E211,17.77718,7.40001,10.37717,9.81088,0,0.05659,0.05999,84,0.01044,0,84,0.99817,0.00016,B
E212,18.29009,7.42714,10.86294,5.86672,0,0.0566,0.06,126,0.01104,0,126,0.99822,6.00E-05,B
E213,17.96811,7.14677,10.82134,5.10625,0,0.11661,0.132,263,0.01086,0,263,0.99764,0.00012,B
E214,18.17113,6.76619,11.40494,9.08405,0,0.07761,0.08414,248,0.01089,0,248,0.99654,0.00244,B
E215,18.10158,6.72503,11.37655,5.63035,0,0.03209,0.03316,8,0,0,8,0.9964,0.00011,A
E216,18.0094,6.65157,11.35783,9.26207,0,0.08923,0.09797,30,0.00398,0,30,0.99612,0.00012,C
E217,17.84184,6.61874,11.2231,12.66271,0,0.13593,0.15731,43,0.01107,0,43,0.99599,0.00015,B
E218,17.71589,5.44674,12.26916,11.37432,0,0.07786,0.08443,71,0,0,71,0.98707,0.01387,B
E219,17.5811,6.43455,11.14655,8.26449,0,0.11388,0.12851,30,0.05796,0,30,0.99518,0.00028,B
E220,18.25459,7.16781,11.08678,9.16099,0,0.0566,0.06,147,0.00347,0,147,0.99769,6.00E-05,B
E221,17.69252,6.54247,11.15005,5.04562,0,0.0566,0.06,312,0.02072,0,312,0.99568,0.00019,C
E222,18.12443,7.22694,10.89749,5.54767,0,0.09522,0.10525,69,0.01522,0,69,0.99782,0.0001,C
E223,17.37808,6.27099,11.10709,4.83795,0,0.11704,0.13256,54,0.0381,0,54,0.99433,0.0004,A
E224,18.39245,7.02731,11.36513,12.02198,0,0.13938,0.16195,42,0.01151,0,42,0.99734,5.00E-05,B
E225,18.12886,9.09066,9.03821,4.27235,0,0.08164,0.0889,476,0.01431,0,476,0.99966,7.00E-05,B
E226,17.6749,6.31716,11.35773,5.1248,0,0.09336,0.10298,34,0.00921,0,34,0.99458,0.00022,C
E227,17.89399,6.60935,11.28464,5.77256,0,0.07497,0.08105,86,0.00644,0,86,0.99596,0.00015,B
E228,18.10453,7.06987,11.03465,5.17609,0,0.0624,0.06655,169,0.12236,0,169,0.99745,9.00E-05,B
E229,17.91692,6.75926,11.15767,10.87988,0,0.13715,0.15895,33,0.00073,0,33,0.99652,0.00014,B
E230,17.82612,6.51619,11.30993,8.56088,0,0.02019,0.0206,70,0.03551,0,70,0.99556,0.00016,B
E231,17.41676,6.01127,11.4055,11.48337,0,0.07434,0.08031,8,0,0,8,0.99265,0.00039,B
E232,17.7,4.77068,12.92932,7.87888,0,0.0566,0.06,5,0.17006,0,5,0.97458,0.01881,B
E233,16.83509,5.47227,11.36282,5.17609,0,0.06678,0.07155,3,0,0,3,0.98739,0.00125,B
E234,17.54429,6.40357,11.14071,5.92313,0,0.12811,0.14693,137,0.00837,0,137,0.99503,0.00028,C
E235,17.56355,6.92166,10.64189,8.8774,0,0.13256,0.15282,192,0.00681,0,192,0.99704,0.00027,C
E236,17.88842,6.50279,11.38563,2.5096,0,0.06861,0.07367,30,0.01982,0,30,0.9955,0.00017,C
E237,16.98588,5.68698,11.2989,4.94028,0,0.08576,0.0938,35,0,0,35,0.98983,0.00086,C
E238,17.92673,9.39964,8.52709,5.58158,0,0.0566,0.06,2259,0.0703,0,2259,0.99975,0,B
E239,17.20829,5.8522,11.35609,5.57652,0,0.12539,0.14336,34,0.00844,0,34,0.99138,0.00057,C
E240,18.42868,4.82028,13.6084,2.33988,0,0.02913,0.03,6,0.02312,0,6,0.97581,0.00464,A
E241,17.54161,6.67708,10.86452,5.17609,0,0.13511,0.15621,37,0.00413,0,37,0.99622,0.00029,C
E242,16.83666,5.57215,11.26451,5.86924,0,0.12421,0.14182,35,0.02569,0,35,0.98859,0.00119,B
E243,17.32156,6.56667,10.75488,5.95941,0,0.13469,0.15566,35,0,0,35,0.99578,0.00044,B
E244,17.56059,6.28413,11.27646,5.01363,0,0.11318,0.12763,20,0.02627,0,20,0.9944,0.0003,C
E245,17.1514,5.86647,11.28493,5.27141,0,0.02913,0.03,38,0.05873,0,38,0.9915,0.0006,B
E246,17.35471,6.72022,10.63449,5.27141,0,0.05704,0.06049,128,0.02241,0,128,0.99638,0.00039,A
E247,16.95851,5.88332,11.07519,5.58158,0,0.12959,0.14888,10,0,0,10,0.99164,0.00088,C
E248,16.98906,6.00389,10.98517,7.71111,0,0.06712,0.07195,125,0.00933,0,125,0.99259,0.00085,B
E249,17.76689,6.15698,11.60991,5.37759,0,0.03367,0.03484,3,0,0,3,0.99364,0.00285,A
E250,17.45263,6.65673,10.7959,5.67686,0,0.13346,0.15402,104,0.03619,0,104,0.99614,0.00034,B
E251,16.56307,5.75257,10.8105,7.01267,0,0.11758,0.13325,138,0.05782,0,138,0.99048,0.00184,B
E252,17.52214,6.29342,11.22872,4.7288,0,0.12402,0.14158,41,0.01876,0,41,0.99445,0.00349,A
E253,17.16267,5.9428,11.21987,11.39071,0,0.06423,0.06864,113,0.00508,0,113,0.99213,0.00057,B
E254,17.50095,6.20051,11.30044,8.617,0,0.02913,0.03,23,0.00359,0,23,0.99391,0.0003,C
E255,17.51928,6.4599,11.05938,5.45331,0,0.13729,0.15914,20,0.03887,0,20,0.99531,0.00031,C
E256,17.23736,6.82329,10.41408,9.59172,0,0.13588,0.15725,212,0.00353,0,212,0.99674,0.00048,B
E257,17.11467,5.88888,11.22579,6.12741,0,0.10491,0.1172,42,0.02919,0,42,0.99169,0.00068,B
E258,18.09824,7.82204,10.2762,8.04583,0,0.04998,0.05261,196,0.01208,0,196,0.9988,9.00E-05,B
E259,17.35888,6.70686,10.65201,10.26016,0,0.0566,0.06,223,0.02682,0,223,0.99633,0.00038,B
E260,17.03734,7.37023,9.66711,5.63382,0,0.12385,0.14136,309,0.01598,0,309,0.99811,0.00075,B
E261,16.73136,7.34472,9.38664,8.30286,0,0.13107,0.15085,140,0.01232,0,140,0.99806,0.00078,B
E262,17.05815,6.53959,10.51856,11.16731,0,0.1324,0.1526,202,0.00386,0,202,0.99566,0.0007,B
E263,17.26326,6.20658,11.05669,6.90776,0,0.07946,0.08632,17,0.02571,0,17,0.99395,0.00049,B
E264,17.1274,6.04737,11.08003,7.25495,0,0.13886,0.16125,15,0.04064,0,15,0.99291,0.00067,B
E265,17.09805,6.16331,10.93474,2.33988,0,0.09821,0.1089,67,0.04687,0,67,0.99368,0.00061,A
E266,17.17132,6.18208,10.98924,5.82322,0,0.13602,0.15743,16,0.02392,0,16,0.9938,0.0006,B
E267,16.80238,5.42495,11.37743,5.17609,0,0.01369,0.01388,11,0.015,0,11,0.98678,0.00127,A
E268,17.09817,5.8861,11.21207,5.14563,0,0.05383,0.0569,11,0.03106,0,11,0.99167,0.0007,C
E269,17.33395,5.40717,11.92678,8.01722,0,0.12917,0.14833,21,0.01581,0,21,0.98655,0.01497,B
E270,17.03718,6.02828,11.0089,8.28961,0,0.13052,0.15011,40,0.01604,0,40,0.99277,0.00078,C
E271,17.61233,6.32257,11.28977,5.09816,0,0.13822,0.16039,99,0.05337,0,99,0.99461,0.01257,A
E272,16.54585,6.38856,10.15728,5.1409,0,0.13215,0.15228,74,0.0929,0,74,0.99496,0.00184,C
E273,16.96307,8.99293,7.97014,9.15207,0,0.03446,0.03569,5133,0.00243,0,5133,0.99963,1.00E-05,B
E274,16.38675,5.03695,11.3498,10.03093,0,0.02913,0.03,17,0.00742,0,17,0.98052,0.00275,B
E275,17.07389,6.08904,10.98485,6.27305,0,0.07024,0.07555,48,0.07389,0,48,0.9932,0.00064,B
E276,16.43806,5.35659,11.08147,5.01688,0,0.07736,0.08384,23,0.04458,0,23,0.98585,0.00226,C
E277,16.77123,5.60212,11.16911,11.39071,0,0.13545,0.15667,36,0.00475,0,36,0.98893,0.00125,B
E278,16.44913,5.47227,10.97686,4.9467,0,0.13053,0.15012,39,0.01264,0,39,0.98739,0.00248,C
E279,17.00044,6.2653,10.73514,5.15075,0,0.01503,0.01526,7,0.09026,0,7,0.9943,0.00082,A
E280,16.73467,6.37673,10.35795,5.48359,0,0.13477,0.15577,127,0.00705,0,127,0.9949,0.00126,C
E281,16.67186,6.36475,10.3071,6.79925,0,0.08149,0.08872,43,0.00169,0,43,0.99484,0.00139,B
E282,16.91133,7.90507,9.00625,10.05625,0,0.04446,0.04653,593,0.01143,0,593,0.99889,0.00093,B
E283,16.81932,5.70044,11.11888,5.17609,0,0.13438,0.15524,20,0,0,20,0.98997,0.00113,B
E284,16.64366,6.14419,10.49948,,0,0.13265,0.15294,127,0.00042,0,127,0.99356,0.00139,A
E285,17.35,6.33505,11.01494,11.33414,0,0.1112,0.12512,55,0.01287,0,55,0.99468,0.00045,B
E286,16.57067,5.55296,11.01772,10.5425,0,0.12484,0.14265,35,0.01534,0,35,0.98837,0.00194,B
E287,16.67174,5.73334,10.9384,9.78127,0,0.13395,0.15467,26,0.0041,0,26,0.99029,0.00125,B
E288,16.83695,5.7301,11.10685,11.49931,0,0.13726,0.1591,40,0.01674,0,40,0.99026,0.00109,B
E289,16.90335,7.42595,9.47739,7.44804,0,0.02913,0.03,405,0.00477,0,405,0.99821,0.00082,B
E290,16.80154,7.02554,9.776,6.80337,0,0.12896,0.14805,113,0.00907,0,113,0.99733,0.00108,B
E291,16.27725,5.0876,11.18965,3.99268,0,0.1365,0.15808,31,0.00926,0,31,0.98148,0.00364,A
E292,16.29496,7.18311,9.11185,6.05098,0,0.06947,0.07465,20,0.00102,0,20,0.99772,4.00E-05,C
E293,15.9517,4.76217,11.18952,6.14631,0,0.12887,0.14794,3,0,0,3,0.97436,0.0063,B
E294,17.08836,5.88332,11.20504,6.25458,0,0.13528,0.15644,47,0.00379,0,47,0.99164,0.0007,B
E295,16.64438,5.52545,11.11893,9.20234,0,0.13424,0.15505,59,0.00789,0,59,0.98805,0.0016,B
E296,16.49324,5.52943,10.96382,3.98472,0,0.06276,0.06696,19,0.11847,0,19,0.9881,0.00242,B
E297,16.53448,5.20949,11.32499,12.35304,0,0.13006,0.1495,3,0,0,3,0.98361,0.00206,B
E298,16.73208,7.94201,8.79007,8.12028,0,0.03144,0.03246,263,0.00868,0,263,0.99893,1.00E-05,B
E299,16.93914,6.30079,10.63836,4.11611,0,0.09998,0.11109,279,0.0218,0,279,0.9945,0.00635,A
E300,16.81924,5.50533,11.31391,6.95063,0,0.08464,0.09247,23,0.01798,0,23,0.9878,0.00122,B
E301,16.62254,6.12687,10.49567,4.34705,0,0.05069,0.0534,121,0.01062,0,121,0.99345,0.00164,C
E302,16.15638,5.66643,10.48996,5.72443,0,0.12854,0.1475,34,0.00789,0,34,0.98962,0.00356,C
E303,16.63713,5.8861,10.75103,5.17609,0,0.00479,0.00481,48,9.00E-05,0,48,0.99167,0.00161,A
E304,16.10635,6.93634,9.17,9.27044,0,0.13071,0.15037,202,0,0,202,0.99708,0.00243,B
E305,17.91041,5.88332,12.02709,4.98374,0,0.05582,0.05911,5,0.00483,0,5,0.99164,0.00746,B
E306,16.46329,5.94542,10.51787,5.81532,0,0.06479,0.06928,67,0.03047,0,67,0.99215,0.0024,B
E307,15.79838,4.74493,11.05345,7.10544,0,0.08162,0.08888,10,0,0,10,0.97391,0.00799,B
E308,16.39131,7.60837,8.78293,9.90349,0,0.02913,0.03,1713,0.00514,0,1713,0.99851,3.00E-05,B
E309,16.55049,5.35186,11.19864,6.57708,0,0.05494,0.05813,41,0.00521,0,41,0.98578,0.00197,B
E310,16.30706,6.90475,9.40231,4.46268,0,0.0385,0.04005,456,0.03166,0,456,0.99699,0.00226,D
E311,16.29482,6.14633,10.14849,4.47301,0,0.02913,0.03,134,0.0549,0,134,0.99358,0.0032,A
E312,16.35719,6.52649,9.83069,4.66523,0,0.13648,0.15804,192,0.03655,0,192,0.99561,0.00258,A
E313,16.46449,5.69373,10.77076,8.25161,0,0.09197,0.10128,29,0.02533,0,29,0.9899,0.00227,B
E314,15.9456,4.84419,11.10141,5.70378,0,0.02934,0.03022,5,0.01738,0,5,0.97638,0.00642,A
E315,16.27691,7.36518,8.91173,6.51959,0,0.13452,0.15543,141,0.00146,0,141,0.9981,4.00E-05,B
E316,16.30746,6.12249,10.18496,4.95237,0,0.12815,0.14698,23,0.03609,0,23,0.99342,0.00288,C
E317,15.75408,5.34233,10.41175,4.76627,0,0.0603,0.06417,35,0.04339,0,35,0.98565,0.0068,D
E318,16.37362,6.01372,10.35991,8.12205,0,0.13538,0.15658,17,0.00228,0,17,0.99267,0.0016,B
E319,16.51578,6.60935,9.90643,8.61315,0,0.13772,0.15971,177,0.00343,0,177,0.99596,0.00157,B
E320,16.01474,4.58497,11.42978,6.04529,0,0.0566,0.06,6,0,0,6,0.96939,0.00547,B
E321,16.35976,6.05678,10.30298,12.08537,0,0.09018,0.09912,128,0.02395,0,128,0.99297,0.00247,B
E322,16.20787,6.77992,9.42795,4.55545,0,0.10654,0.11924,14,0.14029,0,14,0.99659,0.00333,C
E323,15.75886,5.10595,10.65291,8.26449,0,0.08119,0.08836,15,0,0,15,0.98182,0.00866,B
E324,16.65395,6.03069,10.62327,10.88818,0,0.08297,0.09047,43,0.01166,0,43,0.99279,0.00148,B
E325,16.35181,8.33807,8.01374,13.02675,0,0.11799,0.13377,1519,0.01057,0,1519,0.99928,0.00167,B
E326,16.31652,5.28827,11.02825,10.69756,0,0.13565,0.15694,36,0,0,36,0.98485,0.00337,B
E327,16.76867,5.60212,11.16655,5.17609,0,0.13892,0.16133,7,0.00113,0,7,0.98893,0.0013,B
E328,16.07253,5.09987,10.97266,4.77567,0,0.08561,0.09363,44,0.04438,0,44,0.98171,0.00478,D
E329,16.2529,4.85981,11.39309,5.57652,0,0,0,16,0,0,16,0.97674,0.00377,B
E330,15.93711,8.9661,6.97101,5.17609,0,0.02913,0.03,1421,0.00292,0,1421,0.99962,7.00E-05,B
E331,15.6565,4.55388,11.10262,7.98834,0,0.0566,0.06,13,0.01753,0,13,0.96842,0.01061,B
E332,17.25341,5.96101,11.29241,6.34439,0,0.14159,0.16495,6,0.00391,0,6,0.99227,0.00052,B
E333,15.86178,4.91998,10.9418,5.58158,0,0.02913,0.03,6,0.00172,0,6,0.9781,0.00785,A
E334,15.93092,5.2832,10.64772,7.02007,0,0.13571,0.15702,20,0.01619,0,20,0.98477,0.00626,B
E335,15.5954,5.82895,9.76645,11.12669,0,0.09365,0.10332,11,0,0,11,0.99118,0.00887,C
E336,14.8762,3.97029,10.90591,5.57652,0,0.0009,0.0009,19,0,0,19,0.9434,0.03116,D
E337,16.38001,6.62539,9.75461,8.33054,0,0.10803,0.12112,99,0.0079,0,99,0.99602,0.00174,B
E338,15.89197,4.48864,11.40333,5.86921,0,0.04157,0.04338,4,0,0,4,0.96629,0.00707,B
E339,15.22889,5.17048,10.05841,8.98051,0,0.13225,0.15241,36,0.03348,0,36,0.98295,0.01131,D
E340,15.93904,5.09987,10.83918,8.35356,0,0.02913,0.03,47,0.10916,0,47,0.98171,0.0062,B
E341,15.12398,4.31749,10.80649,6.10233,0,0.13133,0.15118,26,0,0,26,0.96,0.01602,C
E342,15.59566,5.0689,10.52675,6.00766,0,0.13322,0.15369,23,0.00159,0,23,0.98113,0.0079,B
E343,14.83162,6.07074,8.76088,5.57652,0,0.02916,0.03003,29,0.02335,0,29,0.99307,0.00063,D
E344,14.69409,4.5326,10.16149,7.98824,0,0.13372,0.15437,54,0.09863,0,54,0.96774,0.02579,D
E345,14.76809,4.46591,10.30218,7.8619,0,0.10619,0.11881,23,0,0,23,0.96552,0.0206,D
E346,14.76243,6.46925,8.29318,5.91679,0,0.13577,0.1571,108,0.0015,0,108,0.99535,0.00071,D
E347,14.60871,5.34711,9.2616,8.99166,0,0.13824,0.16042,40,0,0,40,0.98571,0.01421,D
E348,14.68081,8.35913,6.32167,3.36833,0,0.02913,0.03,1010,0.01129,0,1010,0.9993,1.00E-05,D
E349,15.0182,3.66356,11.35464,5.57652,0,0.02913,0.03,2,0,0,2,0.92308,0.02797,A
E350,14.35202,4.09434,10.25768,3.15487,0,0.03026,0.03121,33,0.00964,0,33,0.95,0.03633,D
E351,14.09028,4.09434,9.99593,6.87819,0,0.02913,0.03,15,0,0,15,0.95,0.04331,D
E352,14.87463,3.95124,10.92339,10.76151,0,0.02913,0.03,41,0,0,41,0.94231,0.02677,D
E353,15.04391,4.38203,10.66188,5.13527,0,0.03005,0.03098,25,0.04345,0,25,0.9625,0.01883,D
E354,14.70282,5.77765,8.92517,8.76527,0,0.02932,0.03021,66,0.02649,0,66,0.99071,0.00099,D
E355,14.04211,5.63121,8.4109,13.13184,0,0.02914,0.03002,107,0,0,107,0.98925,0.00295,D
E356,14.23116,5.25227,8.97889,5.57652,0,0.02938,0.03027,4,0,0,4,0.98429,0.00203,A
E357,14.17119,5.03695,9.13424,,0,0.02913,0.03,15,0,0,15,0.98052,0.00231,D
E358,14.48011,5.70711,8.773,5.57652,0,0.02913,0.03,26,0.15624,0,26,0.99003,0.00124,D
E359,14.08462,5.49306,8.59156,5.57652,0,0.02913,0.03,36,0.01221,0,36,0.98765,0.00263,D
E360,14.94609,3.55535,11.39074,5.57652,0,0.02913,0.03,2,0,0,2,0.91429,0.02996,A
E361,15.52451,4.77068,10.75383,11.30905,0,0.05447,0.05761,30,0,0,30,0.97458,0.0118,D
E362,15.35641,4.65396,10.70245,5.17111,0,0.02913,0.03,14,0.04676,0,14,0.97143,0.01702,C
E363,14.24751,3.66356,10.58395,9.00345,0,0.02965,0.03056,11,0,0,11,0.92308,0.0454,D
E364,14.59536,5.81413,8.78123,6.00085,0,0.13669,0.15833,57,0.01781,0,57,0.99104,0.00098,D
E365,15.20992,4.47734,10.73258,5.89148,0,0.09187,0.10116,17,0,0,17,0.96591,0.01972,C
E366,14.23154,2.99573,11.23581,11.6898,0,0.04762,0.05,5,0,0,5,0.85,0.05337,D
E367,14.61733,5.37064,9.24669,8.46689,0,0.03481,0.03607,19,0.04329,0,19,0.98605,0.00999,D
E368,14.11733,3.46574,10.6516,5.69491,0,0.08262,0.09006,5,0.07317,0,5,0.90625,0.06754,D
E369,14.23768,5.36598,8.8717,8.60036,0,0.13718,0.15899,19,0.00582,0,19,0.98598,0.00203,D
E370,14.5754,6.2106,8.3648,5.57652,0,0.02911,0.02999,89,0.02389,0,89,0.99398,0.00103,D
E371,14.24795,3.46574,10.78221,2.25339,0,0.07953,0.08641,9,0,0,9,0.90625,0.05303,D
E372,14.64398,6.37332,8.27066,4.483,0,0.06709,0.07191,150,0.04147,0,150,0.99488,0.00121,D
E373,14.10401,4.7185,9.38552,7.26424,0,0.12275,0.13993,18,0,0,18,0.97321,0.03551,D
E374,14.22722,5.51745,8.70977,10.7494,0,0.02913,0.03,55,0,0,55,0.98795,0.00204,D
E375,13.88577,5.93225,7.95352,5.57652,0,0.02916,0.03004,229,0,0,229,0.99204,0.00343,D
E376,13.60458,3.97029,9.63429,5.57652,0,0.02922,0.0301,13,0,0,13,0.9434,0.0456,B
E377,13.87806,4.46591,9.41215,5.58158,0,0.03038,0.03133,28,0.01979,0,28,0.96552,0.03684,D
E378,13.98665,5.89164,8.095,2.40243,0,0.10942,0.12287,76,0.07411,0,76,0.99171,0.00912,D
E379,14.77748,5.47646,9.30102,5.80254,0,0.08794,0.09642,51,0,0,51,0.98745,0.01432,D
E380,14.16839,5.23644,8.93195,5.57652,0,0.02913,0.03,6,0.09353,0,6,0.98404,0.00247,A
E381,14.22625,4.40672,9.81953,11.4021,0,0.12915,0.14831,14,0.12246,0,14,0.96341,0.03645,D
E382,13.15474,4.47734,8.6774,5.57652,0,0.02913,0.03,77,0,0,77,0.96591,0.01006,C
E383,13.75335,4.83628,8.91707,5.57652,0,0.02933,0.03021,10,0.06507,0,10,0.97619,0.00526,A
E384,14.68727,3.46574,11.22153,7.12122,0,0.13048,0.15006,4,0,0,4,0.90625,0.03551,D
E385,13.91233,3.3322,10.58013,5.17609,0,0.02913,0.03,8,0.05166,0,8,0.89286,0.06029,A
E386,15.45723,4.18965,11.26757,3.30872,0,0.02913,0.03,7,0.0564,0,7,0.95455,0.01767,A
E387,13.71287,4.54329,9.16957,5.57652,0,0.02952,0.03042,8,0,0,8,0.96809,0.00578,A
E388,13.97352,5.8693,8.10423,5.31586,0,0.02924,0.03012,94,0,0,94,0.99153,0.00303,D
E389,13.06381,4.15888,8.90492,7.78322,0,0.02913,0.03,2,0,0,2,0.95312,0.02029,C
E390,13.58494,2.63906,10.94589,3.24688,0,0.02913,0.03,1,0,0,1,0.78571,0.09482,A
E391,14.2036,5.85793,8.34567,5.57652,0,0.03013,0.03107,102,0.00673,0,102,0.99143,0.00204,D
E392,13.96917,5.56068,8.40849,5.24639,0,0.02943,0.03032,166,0.00358,0,166,0.98846,0.01024,D
E393,13.8462,6.40853,7.43767,8.68481,0,0.02915,0.03002,167,0.02929,0,167,0.99506,0.00181,D
E394,14.67582,4.36945,10.30637,5.604,0,0.02913,0.03,12,0,0,12,0.96203,0.037,D
E395,14.91673,4.93447,9.98225,5.57652,0,0.14337,0.16737,21,4.00E-05,0,21,0.97842,0.01886,D
E396,13.60819,4.2485,9.35969,6.29941,0,0.0566,0.06,14,0.02647,0,14,0.95714,0.07044,B
E397,13.6049,5.20949,8.39542,5.57652,0,0.02915,0.03002,95,0,0,95,0.98361,0.00594,A
E398,13.33565,4.48864,8.84701,6.39369,0,0.02913,0.03,24,0,0,24,0.96629,0.01215,C
E399,13.13137,2.94444,10.18693,5.43847,0,0.02913,0.03,9,0,0,9,0.84211,0.10189,A
E400,13.70175,4.89784,8.80391,5.67689,0,0.02935,0.03024,22,0,0,22,0.97761,0.00511,C
E401,13.14542,4.34381,8.80162,5.92629,0,0.12547,0.14347,15,0,0,15,0.96104,0.08164,B
E402,13.30804,3.21888,10.08916,4.54691,0,0.14179,0.16522,4,0.07128,0,4,0.88,0.07845,A
E403,14.09637,4.2485,9.84787,5.7841,0,0.03567,0.03699,11,0,0,11,0.95714,0.02844,D
E404,14.13451,3.04452,11.08998,10.72518,0,0.09258,0.10202,5,0,0,5,0.85714,0.06127,D
E405,13.29063,3.80666,9.48397,4.75789,0,0.02913,0.03,32,0,0,32,0.93333,0.10554,C
E406,13.99339,3.43399,10.5594,7.99978,0,0.02913,0.03,5,0.02449,0,5,0.90323,0.04328,D
E407,14.85218,3.78419,11.06799,5.6799,0,0.02913,0.03,5,0.06542,0,5,0.93182,0.03268,D
E408,13.36519,3.46574,9.89945,7.47342,0,0.02915,0.03003,10,0,0,10,0.90625,0.0495,B
E409,12.4322,4.61512,7.81708,8.82125,0,0.02913,0.03,41,0,0,41,0.9703,0.01775,C
E410,12.93766,4.18965,8.748,2.62467,0,0.01459,0.0148,41,0.02126,0,41,0.95455,0.0647,A
E411,12.8756,4.57471,8.30089,5.84392,0,0.03075,0.03172,33,0.05147,0,33,0.96907,0.01742,B
E412,12.77073,5.00395,7.76679,5.17604,0,0.03236,0.03345,88,0,0,88,0.97987,0.01362,A
E413,12.74094,3.68888,9.05206,5.33994,0,0.02913,0.03,8,0,0,8,0.925,0.02662,A
E414,13.13529,2.63906,10.49623,5.57652,0,0.02913,0.03,6,0,0,6,0.78571,0.13027,A
E415,11.35427,5.33754,6.01673,9.05619,0,0.02918,0.03005,185,0.0398,0,185,0.98558,0.00564,B
E416,12.33222,3.21888,9.11335,10.46698,0,0.02913,0.03,5,0,0,5,0.88,0.04136,C
E417,11.99331,1.79176,10.20155,5.63354,0,0.02913,0.03,2,0,0,2,0.5,0.38661,A
E418,13.01879,3.13549,9.88329,4.46268,0,0.02972,0.03063,13,0,0,13,0.86957,0.12263,A
E419,10.86045,1.38629,9.47415,7.6622,0,0.0566,0.06,2,0,0,2,0.25,0.26486,B
E420,11.32103,4.83628,6.48475,7.50997,0,0.12992,0.14932,74,0,0,74,0.97619,0.01629,B
E421,12.41187,3.3673,9.04457,5.57652,0,0.02913,0.03,6,0,0,6,0.89655,0.03681,A
E422,10.25114,3.4012,6.84994,5.57652,0,0.03057,0.03153,20,0,0,20,0.9,0.11231,B
E423,11.26943,1.94591,9.32352,7.27461,0,0.02913,0.03,3,0,0,3,0.57143,0.23477,B
E424,11.38339,3.7612,7.62219,9.68529,0,0.03127,0.03228,21,0.01379,0,21,0.93023,0.09207,B
E425,11.93541,2.89037,9.04504,4.8831,0,0.02913,0.03,2,0,0,2,0.83333,0.05838,A
